Nombre del Producto,URL de la Imagen
Stimpak Diffuser Recipe,https://production-gameflipusercontent.fingershock.com/us-east-1:fb0f107c-54fe-490c-91d4-a33413085bee/286be819-98c9-4320-b474-c7301488ca46/6432282f-e7ad-4698-8d07-800766b87579/320x320.webp
Stimpak Diffuser Recipe,https://production-gameflipusercontent.fingershock.com/us-east-1:fb0f107c-54fe-490c-91d4-a33413085bee/b12493a4-b00d-40cc-bd21-90df26b81d7c/734d07c5-5cad-4e1e-8494-3d94f165d0c3/320x320.webp
Stimpak Diffuser Recipe,https://production-gameflipusercontent.fingershock.com/us-east-1:6591966e-f6ab-477f-aad6-395646fc8d73/da64555f-bc41-4860-ac3a-5d79c8d82159/4e320b86-0a06-46db-adb6-2845fdd67e32/320x320.webp
Assassins WWR AP T45,https://production-gameflipusercontent.fingershock.com/us-east-1:fb0f107c-54fe-490c-91d4-a33413085bee/188ee58f-8b50-4a2f-9b06-db84e2e601e3/f751d72e-6b03-469a-838a-20d1d9a43c1b/320x320.webp
Hammered Skull Mask Plan,https://production-gameflipusercontent.fingershock.com/us-east-1:6591966e-f6ab-477f-aad6-395646fc8d73/4d069281-6c4c-475b-902d-1d038fbe3a78/4a434583-9a7b-4d50-8da5-204665439234/320x320.webp
Van WWR Raider,https://production-gameflipusercontent.fingershock.com/us-east-1:fb0f107c-54fe-490c-91d4-a33413085bee/1b5b23b0-d929-46d7-a6ca-bc95a0f66f6b/3f37fa78-23a3-4b7e-94e8-a0186b13a9e1/320x320.webp
Stimpak Diffuser Recipe,https://production-gameflipusercontent.fingershock.com/us-east-1:35f4e1dc-fefd-41c9-a4de-5251af701b76/ecf82580-381a-4f9d-a888-49a69d5f1fcd/07cff560-5b74-4bda-8f57-55b414359930/320x320.webp
30 Minutes Gleaming Depths Raid Carry Service PC,https://production-gameflipusercontent.fingershock.com/us-east-1:fb0f107c-54fe-490c-91d4-a33413085bee/62fefb3e-6f7c-438e-82cf-ed8ca47d5db9/4fec7796-6f56-4b93-980d-d8133d96fc45/320x320.webp
Cutting Fluid,https://production-gameflipusercontent.fingershock.com/us-east-1:e8635cd4-723b-43e5-87dd-1650c5653966/affad991-8f78-4ee2-bfbe-dad2643b93ab/33459f2f-2b28-403f-a56f-0d8c1be1a1aa/320x320.webp
x5 Thru-Hikerâ€™s Box Mods,https://production-gameflipusercontent.fingershock.com/us-east-1:fb0f107c-54fe-490c-91d4-a33413085bee/aa537518-46f8-4e60-bd8c-d029ecd6e586/783a92be-1668-4735-b148-80479b6c504f/320x320.webp
Stimpak Diffuser Recipe,https://production-gameflipusercontent.fingershock.com/us-east-1:fb0f107c-54fe-490c-91d4-a33413085bee/0d97af44-9dcc-4e79-a51a-8ab52901c765/0b3877a1-5680-479c-b5d3-5f7edb48d938/320x320.webp
Stimpak Diffuser Recipe,https://production-gameflipusercontent.fingershock.com/us-east-1:fb0f107c-54fe-490c-91d4-a33413085bee/14ecfd92-af88-457a-9cc6-f6239026c4da/cc8fee35-54d4-4b00-9218-bde0a26af772/320x320.webp
Hammered Skull Mask Plan,https://production-gameflipusercontent.fingershock.com/us-east-1:fb0f107c-54fe-490c-91d4-a33413085bee/0ceb5dfa-d6ed-42af-9256-e2ff89273588/fdd683e0-e72a-4046-ba2a-3266601f3e54/320x320.webp
LASER GUN BLUE CAMO PAINT,https://production-gameflipusercontent.fingershock.com/us-east-1:fb0f107c-54fe-490c-91d4-a33413085bee/04f4b755-0367-4aa5-b517-a0a2d961b7ca/aa34648b-9aea-428a-b5a7-966d425ef61d/320x320.webp
Chally the Moo-Moo Backpack,https://production-gameflipusercontent.fingershock.com/us-east-1:fb0f107c-54fe-490c-91d4-a33413085bee/61f2a80a-ebfc-4cfe-a0a4-9f386ccc825d/a5613f71-a948-4dcb-929f-faa3da1ba1ed/320x320.webp
Stimpak Diffuser Recipe,https://production-gameflipusercontent.fingershock.com/us-east-1:fb0f107c-54fe-490c-91d4-a33413085bee/88da8ec3-18de-4c86-a91a-e6926687e878/ac9008e4-c487-492a-ae25-77bc2dfed255/320x320.webp
The Fixer,https://production-gameflipusercontent.fingershock.com/us-east-1:fb0f107c-54fe-490c-91d4-a33413085bee/0357056a-d259-4528-9b51-8567f2c2d830/91f4403d-6c60-42bc-ae05-3df2288e9483/320x320.webp
Motorized Butter Churn,https://production-gameflipusercontent.fingershock.com/us-east-1:fb0f107c-54fe-490c-91d4-a33413085bee/ad3677da-7480-437b-b3dc-00f42d62ac09/749f741e-19fc-4cb2-b65d-9a8ba6cc4fe6/320x320.webp
Radiation Emitter,https://production-gameflipusercontent.fingershock.com/us-east-1:fb0f107c-54fe-490c-91d4-a33413085bee/11ac2208-ffbe-4141-abab-e9812a52023e/7b587289-b4e5-494e-92e1-b55a970ab19f/320x320.webp
Rad Skull Rider Helmet,https://production-gameflipusercontent.fingershock.com/us-east-1:fb0f107c-54fe-490c-91d4-a33413085bee/cc788966-cc8e-4409-a3ee-02f02f157251/e00ef94b-002b-4262-999e-af91908b947c/320x320.webp
Motorized Butter Churn,https://production-gameflipusercontent.fingershock.com/us-east-1:fb0f107c-54fe-490c-91d4-a33413085bee/027aaec3-7c84-4225-b446-97e8df84dc8b/e258c903-39b8-44b2-af86-cad09e1128f5/320x320.webp
Safari Crocolossus backpack,https://production-gameflipusercontent.fingershock.com/us-east-1:fb0f107c-54fe-490c-91d4-a33413085bee/2de1f1a4-b89b-41fb-be38-d144942293e1/faec3a9a-c5bb-4fb3-87ef-a3ab9d6f5e63/320x320.webp
The Fixer,https://production-gameflipusercontent.fingershock.com/us-east-1:fb0f107c-54fe-490c-91d4-a33413085bee/6bc3a7da-e604-4b32-a037-6504a0b39448/250cd4f7-132e-4380-a953-8d3d62c09a05/320x320.webp
Stimpak Diffuser Recipe,https://production-gameflipusercontent.fingershock.com/us-east-1:fb0f107c-54fe-490c-91d4-a33413085bee/7ff85a12-03a5-41de-a473-5226b271e157/3a85917a-f689-4fc7-92b0-d2e2a4898490/320x320.webp
Golf Carts,https://production-gameflipusercontent.fingershock.com/us-east-1:fb0f107c-54fe-490c-91d4-a33413085bee/ed758dde-fc09-4da6-9b3b-162cadb90baa/4dd4afe3-36e6-468c-9c47-a63d9027d784/320x320.webp
Radiation Emitter,https://production-gameflipusercontent.fingershock.com/us-east-1:fb0f107c-54fe-490c-91d4-a33413085bee/ef05494f-b7b3-4ebe-8656-190b9e4296fa/b0d3c873-392e-4b66-8d1b-20baca5148e9/320x320.webp
Cutting Fluid,https://production-gameflipusercontent.fingershock.com/us-east-1:fb0f107c-54fe-490c-91d4-a33413085bee/b68e1bba-d491-4c2e-b0fb-5688cafb9d6d/d9278e68-c690-4e9e-bbfd-dad253ba25b8/320x320.webp
Motorized Butter Churn,https://production-gameflipusercontent.fingershock.com/us-east-1:fb0f107c-54fe-490c-91d4-a33413085bee/ed911437-ec06-40c8-a88e-0967c1977497/e844a0b7-3cdd-44c8-b5ac-8c8889c60292/320x320.webp
Radiation Emitter,https://production-gameflipusercontent.fingershock.com/us-east-1:fb0f107c-54fe-490c-91d4-a33413085bee/4639e485-f552-4768-ae3d-5a38c23c970e/13d9612a-3b40-4f64-8c90-456b1fdd8589/320x320.webp
Motorized Butter Churn,https://production-gameflipusercontent.fingershock.com/us-east-1:fb0f107c-54fe-490c-91d4-a33413085bee/3f53ab94-4313-4f3f-bb72-7822dc131f21/b10eb847-3568-46d8-8702-803993dde6a4/320x320.webp
Motorized Butter Churn,https://production-gameflipusercontent.fingershock.com/us-east-1:fb0f107c-54fe-490c-91d4-a33413085bee/c8626f02-14cd-45a4-95b1-b4dfb42ed6b5/0e6234bf-650e-4ddf-9213-6956c526ddc6/320x320.webp
Motorized Butter Churn,https://production-gameflipusercontent.fingershock.com/us-east-1:fb0f107c-54fe-490c-91d4-a33413085bee/fdae3cb0-1aaa-4497-8edc-b011d981603d/9ceaa9a5-cdb9-4a9b-89f5-009768734698/320x320.webp
Crude Skull Mask,https://production-gameflipusercontent.fingershock.com/us-east-1:fb0f107c-54fe-490c-91d4-a33413085bee/8fa54173-a82d-4322-a2c2-3a87a7b4ca88/79fc79e0-f4c1-4ed7-a6d7-05792bfc2a70/320x320.webp
Cutting Fluid,https://production-gameflipusercontent.fingershock.com/us-east-1:fb0f107c-54fe-490c-91d4-a33413085bee/62dac0e9-5071-480e-805e-49ef225471fa/63cedf65-03b5-4677-959d-28a6eba429a0/320x320.webp
Cutting Fluid,https://production-gameflipusercontent.fingershock.com/us-east-1:fb0f107c-54fe-490c-91d4-a33413085bee/efe0137d-a085-40b7-8c62-fd2636c853c0/89f9aa24-4e73-43c0-b1a9-51646d995fd7/320x320.webp
Golf Carts,https://production-gameflipusercontent.fingershock.com/us-east-1:fb0f107c-54fe-490c-91d4-a33413085bee/b5177c75-722f-4fe7-b6e7-e78412cc9b96/370e54aa-8581-408d-9c31-70e6f68d456e/320x320.webp
Motorized Butter Churn,https://production-gameflipusercontent.fingershock.com/us-east-1:fb0f107c-54fe-490c-91d4-a33413085bee/99f5312e-c7b4-4593-b72e-61da75fa18fe/116f7883-a57e-47c9-811e-abacde5af85d/320x320.webp
